วันเดือนปี,ล่าสุด,ราคาเปิด,สูงสุด,ต่ำสุด,ปริมาณ,% เปลี่ยน
1/10/2024,8.10,8.00,8.10,7.90,16.41M,1.89%
1/9/2024,7.95,8.05,8.05,7.95,6.27M,-0.63%
1/8/2024,8.00,8.00,8.05,7.95,19.62M,-0.62%
1/5/2024,8.05,8.15,8.20,8.05,29.78M,-1.23%
1/4/2024,8.15,8.00,8.15,8.00,20.93M,1.24%
1/3/2024,8.05,8.05,8.10,8.00,18.47M,0.00%
1/2/2024,8.05,7.90,8.10,7.90,24.88M,1.26%
12/28/2023,7.95,7.85,7.95,7.85,15.98M,0.63%
12/27/2023,7.90,7.90,7.95,7.85,13.56M,-0.63%
12/26/2023,7.95,7.90,7.95,7.85,11.51M,1.27%
12/25/2023,7.85,7.85,7.95,7.80,12.20M,0.00%
12/22/2023,7.85,8.00,8.00,7.80,58.63M,-1.88%
12/21/2023,8.00,8.05,8.10,7.95,27.19M,-0.62%
12/20/2023,8.05,8.05,8.10,8.00,14.10M,0.00%
12/19/2023,8.05,7.95,8.05,7.90,21.43M,1.26%
12/18/2023,7.95,8.00,8.10,7.90,23.48M,-1.24%
12/15/2023,8.05,8.10,8.10,8.00,39.81M,-0.62%
12/14/2023,8.10,8.05,8.10,8.00,9.50M,0.62%
12/13/2023,8.05,8.00,8.05,7.95,14.97M,0.63%
12/12/2023,8.00,8.10,8.15,7.95,22.37M,-1.23%
12/8/2023,8.10,8.00,8.15,8.00,20.43M,1.25%
12/7/2023,8.00,8.05,8.10,8.00,13.29M,-1.23%
12/6/2023,8.10,7.95,8.10,7.90,26.47M,1.89%
12/4/2023,7.95,7.80,7.95,7.80,9.37M,1.27%
12/1/2023,7.85,7.80,7.90,7.70,18.93M,0.64%
11/30/2023,7.80,7.75,7.80,7.50,84.05M,0.65%
11/29/2023,7.75,7.85,7.85,7.75,25.54M,-1.27%
11/28/2023,7.85,7.90,7.90,7.75,23.72M,0.00%
11/27/2023,7.85,7.90,7.95,7.80,16.28M,-0.63%
11/24/2023,7.90,7.95,7.95,7.85,17.45M,-1.25%
11/23/2023,8.00,8.00,8.00,7.90,24.17M,0.00%
11/22/2023,8.00,8.05,8.05,7.95,18.73M,-0.62%
11/21/2023,8.05,8.15,8.15,8.00,12.76M,-1.23%
11/20/2023,8.15,8.15,8.15,8.00,18.17M,0.00%
11/17/2023,8.15,7.95,8.15,7.95,39.13M,1.87%
11/16/2023,8.00,8.00,8.05,7.95,12.31M,0.00%
11/15/2023,8.00,7.90,8.00,7.90,21.75M,1.27%
11/14/2023,7.90,7.90,7.95,7.75,29.54M,0.00%
11/13/2023,7.90,7.90,7.90,7.75,16.05M,0.00%
11/10/2023,7.90,7.95,8.05,7.90,14.37M,-1.25%
11/9/2023,8.00,8.05,8.05,7.90,31.71M,0.00%
11/8/2023,8.00,8.05,8.05,7.95,22.89M,0.00%
11/7/2023,8.00,8.00,8.10,7.95,14.27M,0.00%
11/6/2023,8.00,8.15,8.15,8.00,20.63M,-0.62%
11/3/2023,8.05,8.00,8.10,8.00,18.46M,0.63%
11/2/2023,8.00,7.95,8.00,7.85,25.62M,1.27%
11/1/2023,7.90,7.90,7.95,7.80,19.34M,0.00%
10/31/2023,7.90,8.05,8.10,7.80,43.60M,-2.47%
10/30/2023,8.10,8.10,8.10,7.90,25.59M,-0.61%
10/27/2023,8.15,8.00,8.15,7.90,20.09M,1.87%
10/26/2023,8.00,8.00,8.00,7.90,18.26M,0.00%
10/25/2023,8.00,8.05,8.05,7.85,31.21M,-0.62%
10/24/2023,8.05,8.00,8.05,7.95,16.90M,0.63%
10/20/2023,8.00,8.15,8.20,8.00,39.27M,-2.44%
10/19/2023,8.20,8.15,8.25,8.10,18.00M,-0.61%
10/18/2023,8.25,8.20,8.30,8.10,28.10M,0.61%
10/17/2023,8.20,8.10,8.25,8.05,30.40M,1.23%
10/16/2023,8.10,8.20,8.25,7.95,33.58M,-1.22%
10/12/2023,8.20,8.15,8.20,8.10,18.25M,0.61%
10/11/2023,8.15,8.00,8.20,7.95,37.73M,1.87%
10/10/2023,8.00,8.00,8.05,7.95,11.29M,0.00%
10/9/2023,8.00,8.00,8.00,7.85,12.87M,0.00%
10/6/2023,8.00,8.05,8.10,7.95,10.04M,-0.62%
10/5/2023,8.05,8.05,8.10,7.90,23.53M,0.00%
10/4/2023,8.05,7.75,8.10,7.70,52.50M,1.26%
10/3/2023,7.95,8.05,8.10,7.90,54.28M,-1.85%
10/2/2023,8.10,8.30,8.30,8.00,44.58M,-2.41%
9/29/2023,8.30,8.30,8.35,8.20,23.35M,0.61%
9/28/2023,8.25,8.25,8.35,8.15,28.84M,-0.60%
9/27/2023,8.30,8.25,8.30,8.20,28.44M,0.00%
9/26/2023,8.30,8.25,8.35,8.20,44.45M,0.61%
9/25/2023,8.25,8.70,8.70,8.25,88.08M,-5.17%
9/22/2023,8.70,8.60,8.70,8.55,28.65M,1.16%
9/21/2023,8.60,8.60,8.65,8.50,34.18M,0.00%
9/20/2023,8.60,8.70,8.70,8.55,19.36M,-1.15%
9/19/2023,8.70,8.70,8.70,8.55,12.85M,0.00%
9/18/2023,8.70,8.70,8.75,8.65,10.57M,0.00%
9/15/2023,8.70,8.65,8.75,8.60,30.48M,1.16%
9/14/2023,8.60,8.65,8.65,8.55,17.43M,0.00%
9/13/2023,8.60,8.65,8.65,8.50,19.94M,-0.58%
9/12/2023,8.65,8.65,8.70,8.60,7.70M,0.00%
9/11/2023,8.65,8.60,8.70,8.55,13.23M,0.58%
9/8/2023,8.60,8.60,8.65,8.55,17.28M,0.00%
9/7/2023,8.60,8.65,8.70,8.60,16.80M,-0.58%
9/6/2023,8.65,8.60,8.70,8.60,16.57M,1.17%
9/5/2023,8.55,8.55,8.60,8.50,17.36M,-0.58%
9/4/2023,8.60,8.65,8.70,8.50,35.20M,-1.15%
9/1/2023,8.70,8.70,8.70,8.60,21.42M,0.58%
8/31/2023,8.65,8.80,8.85,8.65,63.73M,-2.26%
8/30/2023,8.85,8.75,8.85,8.75,37.62M,1.14%
8/29/2023,8.75,8.75,8.85,8.70,65.46M,0.57%
8/28/2023,8.70,8.95,9.00,8.65,111.68M,-3.87%
8/25/2023,9.05,9.05,9.10,8.95,15.27M,-0.55%
8/24/2023,9.10,9.10,9.10,9.00,17.57M,0.55%
8/23/2023,9.05,9.00,9.10,8.95,28.25M,0.56%
8/22/2023,9.00,8.90,9.00,8.90,24.17M,1.69%
8/21/2023,8.85,8.80,8.90,8.75,15.02M,0.57%
8/18/2023,8.80,8.85,8.85,8.70,28.03M,-0.56%
8/17/2023,8.85,8.85,8.95,8.75,22.18M,-0.56%
8/16/2023,8.90,8.85,8.95,8.70,19.10M,0.56%
8/15/2023,8.85,8.95,8.95,8.80,16.98M,-1.12%
8/11/2023,8.95,8.90,9.10,8.90,42.94M,1.70%
8/10/2023,8.80,8.85,8.85,8.65,32.97M,0.00%
8/9/2023,8.80,8.75,8.85,8.75,16.25M,0.57%
8/8/2023,8.75,8.85,8.90,8.75,16.87M,-1.13%
8/7/2023,8.85,8.90,8.95,8.75,22.18M,-0.56%
8/4/2023,8.90,8.85,8.95,8.85,19.77M,0.56%
8/3/2023,8.85,8.95,8.95,8.80,22.12M,-1.67%
8/2/2023,9.00,9.10,9.10,8.90,27.37M,-1.10%
7/31/2023,9.10,9.05,9.10,9.00,20.97M,1.11%
7/27/2023,9.00,8.95,9.10,8.90,37.44M,0.56%
7/26/2023,8.95,9.00,9.05,8.90,23.97M,-0.56%
7/25/2023,9.00,8.85,9.00,8.75,36.07M,2.27%
7/24/2023,8.80,8.85,8.90,8.75,14.89M,-0.56%
7/21/2023,8.85,8.80,8.85,8.70,17.80M,0.57%
7/20/2023,8.80,8.85,8.95,8.75,60.12M,0.00%
7/19/2023,8.80,8.60,8.80,8.55,24.74M,2.33%
7/18/2023,8.60,8.75,8.75,8.55,18.48M,-1.71%
7/17/2023,8.75,8.50,8.75,8.45,39.16M,2.94%
7/14/2023,8.50,8.45,8.55,8.40,31.57M,0.59%
7/13/2023,8.45,8.35,8.45,8.30,9.26M,1.20%
7/12/2023,8.35,8.40,8.45,8.30,16.54M,0.00%
7/11/2023,8.35,8.30,8.40,8.30,12.86M,0.60%
7/10/2023,8.30,8.35,8.40,8.25,12.46M,0.00%
7/7/2023,8.30,8.30,8.45,8.25,14.90M,-0.60%
7/6/2023,8.35,8.50,8.55,8.35,25.16M,-1.76%
7/5/2023,8.50,8.55,8.60,8.50,13.34M,-1.16%
7/4/2023,8.60,8.60,8.60,8.45,23.42M,0.00%
7/3/2023,8.60,8.55,8.70,8.50,34.32M,0.58%
6/30/2023,8.55,8.40,8.55,8.35,24.35M,2.40%
6/29/2023,8.35,8.35,8.45,8.30,20.34M,-0.60%
6/28/2023,8.40,8.30,8.50,8.20,55.53M,2.44%
6/27/2023,8.20,8.25,8.35,8.20,27.96M,-0.61%
6/26/2023,8.25,8.25,8.30,8.15,27.38M,-0.60%
6/23/2023,8.30,8.35,8.35,8.10,31.44M,-1.19%
6/22/2023,8.40,8.40,8.40,8.30,25.02M,0.00%
6/21/2023,8.40,8.45,8.50,8.40,18.52M,-0.59%
6/20/2023,8.45,8.35,8.55,8.35,29.35M,1.81%
6/19/2023,8.30,8.35,8.35,8.25,10.49M,-0.60%
6/16/2023,8.35,8.35,8.40,8.30,18.54M,-0.60%
6/15/2023,8.40,8.35,8.40,8.30,14.56M,0.00%
6/14/2023,8.40,8.55,8.55,8.35,27.78M,-1.75%
6/13/2023,8.55,8.40,8.55,8.40,18.04M,2.40%
6/12/2023,8.35,8.35,8.40,8.30,9.76M,0.00%
6/9/2023,8.35,8.40,8.40,8.30,15.92M,-0.60%
6/8/2023,8.40,8.25,8.45,8.20,36.27M,2.44%
6/7/2023,8.20,8.15,8.20,8.00,29.38M,1.23%
6/6/2023,8.10,8.10,8.10,8.00,22.16M,0.62%
6/2/2023,8.05,8.00,8.05,7.95,22.25M,0.00%
6/1/2023,8.05,8.05,8.10,7.95,34.68M,0.00%
5/31/2023,8.05,8.05,8.15,8.00,50.74M,-1.23%
5/30/2023,8.15,8.15,8.20,8.05,34.26M,0.00%
5/29/2023,8.15,8.05,8.20,8.00,19.60M,1.24%
5/26/2023,8.05,8.05,8.10,7.95,41.81M,0.00%
5/25/2023,8.05,8.20,8.20,8.00,64.84M,-2.42%
5/24/2023,8.25,8.25,8.30,8.15,32.72M,-0.60%
5/23/2023,8.30,8.35,8.35,8.15,41.50M,-0.60%
5/22/2023,8.35,8.25,8.40,8.10,21.65M,0.60%
5/19/2023,8.30,8.30,8.35,8.10,40.70M,-0.60%
5/18/2023,8.35,8.65,8.65,8.25,71.14M,-3.47%
5/17/2023,8.65,8.65,8.65,8.45,46.88M,0.00%
5/16/2023,8.65,8.65,8.70,8.60,36.36M,0.00%
5/15/2023,8.65,9.00,9.05,8.60,45.37M,-3.89%
5/12/2023,9.00,9.10,9.10,8.90,39.32M,-0.55%
5/11/2023,9.05,9.05,9.25,9.00,110.85M,0.00%
5/10/2023,9.05,8.90,9.05,8.90,21.89M,0.56%
5/9/2023,9.00,8.95,9.00,8.85,18.84M,1.12%
5/8/2023,8.90,8.75,8.95,8.60,30.09M,2.89%
5/3/2023,8.65,8.55,8.70,8.50,45.99M,0.00%
5/2/2023,8.65,8.85,9.00,8.50,55.58M,-2.26%
4/28/2023,8.85,9.05,9.05,8.85,25.24M,-1.67%
4/27/2023,9.00,8.90,9.05,8.85,14.97M,1.12%
4/26/2023,8.90,8.90,8.95,8.80,13.72M,0.00%
4/25/2023,8.90,8.95,9.00,8.90,8.94M,-1.11%
4/24/2023,9.00,8.95,9.00,8.90,9.71M,0.00%
4/21/2023,9.00,8.95,9.05,8.90,24.18M,1.12%
4/20/2023,8.90,9.00,9.05,8.90,16.64M,-1.66%
4/19/2023,9.05,9.00,9.10,8.95,19.62M,0.00%
4/18/2023,9.05,9.10,9.10,9.00,10.53M,0.00%
4/17/2023,9.05,9.05,9.10,9.00,18.24M,0.56%
4/12/2023,9.00,8.90,9.05,8.90,20.47M,1.12%
4/11/2023,8.90,9.00,9.05,8.80,48.67M,-1.11%
4/10/2023,9.00,8.95,9.05,8.85,40.63M,0.56%
4/7/2023,8.95,9.00,9.15,8.90,70.34M,-0.56%
4/5/2023,9.00,9.00,9.00,8.90,27.17M,0.56%
4/4/2023,8.95,8.95,9.00,8.90,17.91M,0.56%
4/3/2023,8.90,8.85,8.95,8.80,16.15M,0.56%
3/31/2023,8.85,9.00,9.00,8.85,21.54M,-1.67%
3/30/2023,9.00,8.90,9.05,8.80,92.77M,2.27%
3/29/2023,8.80,8.75,8.80,8.70,19.23M,0.57%
3/28/2023,8.75,8.75,8.75,8.65,15.31M,0.57%
3/27/2023,8.70,8.65,8.70,8.60,17.51M,1.16%
3/24/2023,8.60,8.70,8.70,8.60,24.22M,-0.58%
3/23/2023,8.65,8.60,8.70,8.55,30.16M,0.58%
3/22/2023,8.60,8.65,8.70,8.55,12.37M,0.00%
3/21/2023,8.60,8.50,8.65,8.40,41.23M,1.18%
3/20/2023,8.50,8.40,8.50,8.20,65.49M,0.59%
3/17/2023,8.45,8.90,8.95,8.40,132.66M,-5.06%
3/16/2023,8.90,8.75,8.90,8.60,66.71M,0.56%
3/15/2023,8.85,8.70,8.85,8.60,115.00M,2.91%
3/14/2023,8.60,9.00,9.10,8.55,148.81M,-4.97%
3/13/2023,9.05,9.00,9.15,8.95,62.40M,0.00%
3/10/2023,9.05,9.10,9.15,8.95,35.90M,-0.55%
3/9/2023,9.10,9.15,9.20,9.10,26.74M,-0.55%
3/8/2023,9.15,9.25,9.25,9.00,66.64M,-1.61%
3/7/2023,9.30,9.25,9.30,9.15,37.11M,0.54%
3/3/2023,9.25,9.20,9.25,9.00,85.85M,1.09%
3/2/2023,9.15,9.35,9.35,9.10,70.15M,-2.14%
3/1/2023,9.35,9.25,9.45,9.20,85.01M,1.08%
2/28/2023,9.25,9.10,9.25,9.00,70.85M,2.21%
2/27/2023,9.05,9.05,9.15,9.00,27.39M,0.00%
2/24/2023,9.05,9.15,9.20,9.05,29.44M,-1.09%
2/23/2023,9.15,9.15,9.15,9.05,98.60M,0.55%
2/22/2023,9.10,9.35,9.35,9.10,84.74M,-2.67%
2/21/2023,9.35,9.30,9.40,9.25,21.11M,0.54%
2/20/2023,9.30,9.15,9.30,9.15,22.53M,1.64%
2/17/2023,9.15,9.45,9.45,9.00,129.64M,-3.17%
2/16/2023,9.45,9.55,9.55,9.45,33.86M,-0.53%
2/15/2023,9.50,9.55,9.60,9.50,22.02M,-1.04%
2/14/2023,9.60,9.55,9.60,9.50,32.94M,0.00%
2/13/2023,9.60,9.50,9.60,9.50,29.15M,0.52%
2/10/2023,9.55,9.55,9.55,9.50,18.50M,0.00%
2/9/2023,9.55,9.60,9.65,9.45,76.03M,-1.04%
2/8/2023,9.65,9.60,9.65,9.55,37.28M,0.52%
2/7/2023,9.60,9.70,9.75,9.55,58.79M,-1.54%
2/6/2023,9.75,9.75,9.75,9.65,17.75M,0.00%
2/3/2023,9.75,9.70,9.75,9.65,25.27M,0.00%
2/2/2023,9.75,9.80,9.80,9.75,20.84M,-0.51%
2/1/2023,9.80,9.75,9.80,9.65,51.55M,1.03%
1/31/2023,9.70,9.80,9.80,9.70,34.25M,-1.02%
1/30/2023,9.80,9.90,9.90,9.80,95.78M,-2.00%
1/27/2023,10.00,9.95,10.00,9.80,115.04M,0.00%
1/26/2023,10.00,10.00,10.10,9.85,123.44M,0.00%
1/25/2023,10.00,9.70,10.10,9.55,258.77M,2.56%
1/24/2023,9.75,9.80,9.80,9.60,96.82M,0.00%
1/23/2023,9.75,9.75,9.80,9.60,49.68M,0.00%
1/20/2023,9.75,9.65,9.75,9.55,55.01M,1.04%
1/19/2023,9.65,9.55,9.65,9.55,22.50M,0.52%
1/18/2023,9.60,9.50,9.60,9.40,32.01M,2.13%
1/17/2023,9.40,9.45,9.55,9.40,54.28M,-0.53%
1/16/2023,9.45,9.60,9.60,9.45,39.33M,-1.56%
1/13/2023,9.60,9.55,9.60,9.45,39.19M,1.05%
1/12/2023,9.50,9.50,9.60,9.45,49.10M,0.53%
1/11/2023,9.45,9.55,9.55,9.45,50.73M,-1.56%
1/10/2023,9.60,9.60,9.65,9.45,104.33M,0.00%
1/9/2023,9.60,9.75,9.75,9.60,57.83M,-1.54%
1/6/2023,9.75,9.65,9.75,9.60,48.30M,1.04%
1/5/2023,9.65,9.70,9.80,9.65,66.02M,-0.52%
1/4/2023,9.70,9.65,9.70,9.55,50.46M,0.52%
1/3/2023,9.65,9.85,9.85,9.65,71.82M,-1.53%
12/30/2022,9.80,9.70,9.85,9.60,70.10M,1.03%
12/29/2022,9.70,9.70,9.75,9.65,63.52M,-0.51%
12/28/2022,9.75,9.80,9.80,9.70,38.99M,-0.51%
12/27/2022,9.80,9.70,9.80,9.65,57.83M,1.55%
12/26/2022,9.65,9.60,9.70,9.55,22.57M,0.52%
12/23/2022,9.60,9.50,9.60,9.50,41.04M,0.52%
12/22/2022,9.55,9.50,9.55,9.45,36.95M,0.53%
12/21/2022,9.50,9.65,9.65,9.45,43.90M,-1.04%
12/20/2022,9.60,9.70,9.70,9.55,43.68M,-0.52%
12/19/2022,9.65,9.65,9.75,9.60,23.95M,0.00%
12/16/2022,9.65,9.60,9.65,9.45,148.73M,0.52%
12/15/2022,9.60,9.60,9.60,9.45,60.16M,0.00%
12/14/2022,9.60,9.65,9.65,9.55,75.30M,0.00%
12/13/2022,9.60,9.60,9.65,9.55,40.06M,0.00%
12/9/2022,9.60,9.55,9.60,9.50,70.01M,0.00%
12/8/2022,9.60,9.40,9.60,9.40,113.54M,1.59%
12/7/2022,9.45,9.25,9.50,9.20,106.63M,2.72%
12/6/2022,9.20,9.20,9.40,9.15,85.47M,0.00%
12/2/2022,9.20,9.25,9.30,9.20,14.72M,-0.54%
12/1/2022,9.25,9.40,9.40,9.20,39.90M,-1.07%
11/30/2022,9.35,9.35,9.40,9.25,70.39M,0.54%
11/29/2022,9.30,9.25,9.35,9.20,22.51M,0.54%
11/28/2022,9.25,9.20,9.25,9.15,17.80M,0.00%
11/25/2022,9.25,9.25,9.30,9.20,13.04M,-0.54%
11/24/2022,9.30,9.45,9.45,9.25,25.74M,-1.06%
11/23/2022,9.40,9.45,9.50,9.35,31.83M,-0.53%
11/22/2022,9.45,9.50,9.55,9.40,26.02M,0.00%
11/21/2022,9.45,9.40,9.50,9.35,39.00M,0.00%
11/18/2022,9.45,9.45,9.50,9.35,32.26M,0.00%
11/17/2022,9.45,9.40,9.45,9.35,14.19M,0.00%
11/16/2022,9.45,9.55,9.55,9.35,58.68M,-1.05%
11/15/2022,9.55,9.50,9.60,9.45,60.02M,0.53%
11/14/2022,9.50,9.35,9.55,9.35,71.82M,1.06%
11/11/2022,9.40,9.50,9.50,9.35,56.31M,0.00%
11/10/2022,9.40,9.40,9.45,9.35,20.98M,0.00%
11/9/2022,9.40,9.40,9.45,9.35,34.60M,0.53%
11/8/2022,9.35,9.30,9.45,9.25,46.05M,1.08%
11/7/2022,9.25,9.25,9.30,9.25,23.01M,0.00%
11/4/2022,9.25,9.30,9.35,9.25,23.96M,-1.07%
11/3/2022,9.35,9.35,9.35,9.25,11.84M,-0.53%
11/2/2022,9.40,9.25,9.40,9.25,28.76M,1.62%
11/1/2022,9.25,9.40,9.40,9.20,55.35M,-1.60%
10/31/2022,9.40,9.35,9.45,9.30,36.19M,1.08%
10/28/2022,9.30,9.30,9.30,9.20,23.02M,0.00%
10/27/2022,9.30,9.25,9.30,9.20,38.36M,0.54%
10/26/2022,9.25,9.20,9.25,9.15,35.19M,1.09%
10/25/2022,9.15,9.20,9.20,9.10,23.20M,-0.54%
10/21/2022,9.20,9.10,9.25,9.10,37.31M,0.55%
10/20/2022,9.15,8.95,9.15,8.95,52.09M,2.23%
10/19/2022,8.95,9.00,9.05,8.95,19.77M,-0.56%
10/18/2022,9.00,8.95,9.05,8.90,20.91M,1.12%
10/17/2022,8.90,8.90,8.95,8.80,37.69M,-0.56%
10/12/2022,8.95,8.95,8.95,8.90,25.82M,0.56%
10/11/2022,8.90,8.90,9.00,8.85,43.15M,0.00%
10/10/2022,8.90,8.70,9.00,8.70,53.67M,1.71%
10/7/2022,8.75,8.85,8.90,8.70,70.80M,-1.13%
10/6/2022,8.85,8.90,8.95,8.85,36.66M,-0.56%
10/5/2022,8.90,9.00,9.05,8.85,58.12M,-0.56%
10/4/2022,8.95,9.00,9.05,8.85,48.33M,0.56%
10/3/2022,8.90,9.20,9.25,8.90,75.66M,-3.26%
9/30/2022,9.20,9.20,9.25,9.15,56.80M,-0.54%
9/29/2022,9.25,9.30,9.35,9.20,26.70M,-0.54%
9/28/2022,9.30,9.15,9.35,9.10,64.85M,1.09%
9/27/2022,9.20,9.35,9.35,9.15,76.47M,-1.08%
9/26/2022,9.30,9.35,9.40,9.30,54.02M,-1.06%
9/23/2022,9.40,9.30,9.40,9.30,44.17M,0.53%
9/22/2022,9.35,9.35,9.40,9.25,41.89M,0.00%
9/21/2022,9.35,9.45,9.50,9.35,76.12M,-1.58%
9/20/2022,9.50,9.50,9.50,9.35,86.20M,0.00%
9/19/2022,9.50,9.50,9.50,9.30,143.24M,-1.04%
9/16/2022,9.60,9.05,9.65,9.00,267.78M,5.49%
9/15/2022,9.10,9.10,9.15,9.00,39.12M,0.00%
9/14/2022,9.10,9.00,9.10,8.95,63.63M,-0.55%
9/13/2022,9.15,9.10,9.15,9.10,40.33M,0.00%
9/12/2022,9.15,9.15,9.15,9.05,31.20M,0.00%
9/9/2022,9.15,9.15,9.20,8.95,101.32M,0.00%
9/8/2022,9.15,9.10,9.15,8.95,123.94M,1.10%
9/7/2022,9.05,8.95,9.05,8.85,68.43M,1.69%
9/6/2022,8.90,8.75,8.95,8.75,39.84M,1.71%
9/5/2022,8.75,8.75,8.80,8.70,15.70M,0.00%
9/2/2022,8.75,8.65,8.80,8.60,30.74M,0.57%
9/1/2022,8.70,8.70,8.75,8.60,34.61M,-0.57%
8/31/2022,8.75,8.75,8.80,8.70,48.30M,0.57%
8/30/2022,8.70,8.75,8.75,8.70,19.25M,0.00%
8/29/2022,8.70,8.80,8.85,8.70,24.09M,-2.25%
8/26/2022,8.90,8.80,8.90,8.75,20.50M,1.14%
8/25/2022,8.80,8.75,8.85,8.75,10.06M,0.57%
8/24/2022,8.75,8.80,8.85,8.70,19.57M,-1.13%
8/23/2022,8.85,8.80,8.90,8.75,23.83M,0.00%
8/22/2022,8.85,8.90,8.90,8.80,17.48M,-1.12%
8/19/2022,8.95,9.00,9.00,8.85,25.33M,0.00%
8/18/2022,8.95,8.85,8.95,8.85,23.07M,1.13%
8/17/2022,8.85,8.80,8.85,8.75,39.26M,0.57%
8/16/2022,8.80,9.00,9.00,8.75,55.35M,-2.22%
8/15/2022,9.00,9.00,9.00,8.95,13.48M,0.00%
8/11/2022,9.00,8.95,9.00,8.90,36.48M,0.00%
8/10/2022,9.00,9.00,9.00,8.90,21.86M,0.00%
8/9/2022,9.00,8.85,9.00,8.80,37.59M,1.12%
8/8/2022,8.90,8.90,8.90,8.80,26.75M,0.00%
8/5/2022,8.90,8.90,8.95,8.80,38.91M,0.00%
8/4/2022,8.90,8.85,8.90,8.80,18.55M,1.14%
8/3/2022,8.80,8.80,8.80,8.75,14.06M,0.57%
8/2/2022,8.75,8.70,8.80,8.70,24.92M,0.00%
8/1/2022,8.75,8.65,8.80,8.55,62.78M,0.57%
7/27/2022,8.70,8.60,8.70,8.55,31.85M,1.16%
7/26/2022,8.60,8.60,8.65,8.50,18.51M,0.58%
7/25/2022,8.55,8.70,8.70,8.45,25.69M,-1.72%
7/22/2022,8.70,8.65,8.75,8.60,29.59M,1.16%
7/21/2022,8.60,8.65,8.65,8.55,19.73M,-0.58%
7/20/2022,8.65,8.65,8.65,8.55,14.39M,0.58%
7/19/2022,8.60,8.60,8.65,8.45,20.87M,0.00%
7/18/2022,8.60,8.60,8.65,8.55,20.73M,0.58%
7/15/2022,8.55,8.55,8.55,8.35,33.79M,0.00%
7/14/2022,8.55,8.60,8.65,8.45,23.24M,-1.16%
7/12/2022,8.65,8.70,8.70,8.55,19.64M,-0.57%
7/11/2022,8.70,8.65,8.70,8.60,24.34M,0.58%
7/8/2022,8.65,8.50,8.65,8.45,63.71M,1.76%
7/7/2022,8.50,8.40,8.70,8.35,99.45M,-1.16%
7/6/2022,8.60,8.70,8.70,8.55,46.03M,-1.15%
7/5/2022,8.70,8.75,8.80,8.60,43.52M,-0.57%
7/4/2022,8.75,8.80,8.80,8.70,13.86M,-0.57%
7/1/2022,8.80,8.80,8.80,8.70,14.72M,0.57%
6/30/2022,8.75,8.80,8.85,8.70,30.98M,-0.57%
6/29/2022,8.80,8.85,8.90,8.80,33.39M,-0.56%
6/28/2022,8.85,8.70,8.85,8.70,37.48M,1.72%
6/27/2022,8.70,8.80,8.80,8.70,17.13M,-1.14%
6/24/2022,8.80,8.80,8.85,8.70,20.21M,0.57%
6/23/2022,8.75,8.75,8.80,8.65,26.01M,0.00%
6/22/2022,8.75,8.95,8.95,8.65,45.07M,-2.23%
6/21/2022,8.95,8.90,9.00,8.85,26.59M,1.13%
6/20/2022,8.85,8.80,8.85,8.80,19.27M,0.57%
6/17/2022,8.80,8.70,8.85,8.65,54.44M,1.73%
6/16/2022,8.65,8.95,8.95,8.65,66.58M,-3.35%
6/15/2022,8.95,8.80,8.95,8.80,33.05M,2.29%
6/14/2022,8.75,8.80,8.90,8.75,34.80M,-0.57%
6/13/2022,8.80,8.90,8.95,8.80,34.15M,-2.22%
6/10/2022,9.00,9.00,9.05,8.85,60.11M,1.12%
6/9/2022,8.90,8.80,8.95,8.80,35.12M,1.14%
6/8/2022,8.80,8.80,8.85,8.80,15.63M,-0.56%
6/7/2022,8.85,8.95,8.95,8.80,31.29M,-1.67%
6/6/2022,9.00,9.00,9.05,8.90,21.57M,0.00%
6/2/2022,9.00,9.05,9.10,9.00,18.10M,-1.10%
6/1/2022,9.10,9.15,9.15,9.05,16.16M,-0.55%
5/31/2022,9.15,9.10,9.15,9.05,80.02M,0.55%
5/30/2022,9.10,9.05,9.10,9.05,18.13M,0.00%
5/27/2022,9.10,9.15,9.15,9.00,34.93M,0.00%
5/26/2022,9.10,9.05,9.15,9.00,61.74M,1.11%
5/25/2022,9.00,9.00,9.05,8.95,54.55M,0.56%
5/24/2022,8.95,9.05,9.10,8.95,65.05M,-1.10%
5/23/2022,9.05,9.00,9.15,8.90,151.28M,2.84%
5/20/2022,8.80,8.90,8.90,8.75,84.46M,-0.56%
5/19/2022,8.85,8.65,8.90,8.60,112.43M,0.57%
5/18/2022,8.80,8.50,8.85,8.40,139.42M,4.14%
5/17/2022,8.45,8.30,8.50,8.20,90.99M,3.68%
5/13/2022,8.15,8.20,8.25,8.10,37.55M,0.00%
5/12/2022,8.15,8.20,8.25,8.15,42.88M,-1.21%
5/11/2022,8.25,8.30,8.30,8.15,62.58M,0.61%
5/10/2022,8.20,7.95,8.20,7.90,52.03M,3.14%
5/9/2022,7.95,8.00,8.05,7.95,53.41M,-1.85%
5/6/2022,8.10,8.10,8.15,8.05,35.10M,-0.61%
5/5/2022,8.15,8.25,8.25,8.15,22.81M,-0.61%
5/3/2022,8.20,8.25,8.30,8.15,32.72M,-0.61%
4/29/2022,8.25,8.25,8.30,8.25,16.72M,-0.60%
4/28/2022,8.30,8.30,8.35,8.20,66.07M,0.00%
4/27/2022,8.30,8.35,8.40,8.30,25.47M,-1.19%
4/26/2022,8.40,8.35,8.45,8.30,27.20M,1.20%
4/25/2022,8.30,8.30,8.35,8.25,38.15M,-0.60%
4/22/2022,8.35,8.35,8.35,8.30,7.60M,0.00%
4/21/2022,8.35,8.35,8.40,8.30,31.63M,0.00%
4/20/2022,8.35,8.35,8.45,8.30,39.99M,0.60%
4/19/2022,8.30,8.40,8.40,8.30,19.32M,-0.60%
4/18/2022,8.35,8.40,8.40,8.20,40.65M,-0.60%
4/12/2022,8.40,8.50,8.50,8.40,12.75M,-1.75%
4/11/2022,8.55,8.50,8.55,8.45,18.83M,0.59%
4/8/2022,8.50,8.45,8.55,8.40,28.75M,1.19%
4/7/2022,8.40,8.50,8.55,8.40,54.25M,-1.75%
4/5/2022,8.55,8.65,8.65,8.55,29.20M,-0.58%
4/4/2022,8.60,8.65,8.65,8.55,18.12M,-0.58%
4/1/2022,8.65,8.65,8.70,8.50,22.31M,-0.57%
3/31/2022,8.70,8.65,8.70,8.60,16.23M,0.58%
3/30/2022,8.65,8.60,8.70,8.55,30.91M,0.58%
3/29/2022,8.60,8.60,8.60,8.50,14.90M,0.00%
3/28/2022,8.60,8.50,8.60,8.45,12.28M,1.18%
3/25/2022,8.50,8.60,8.65,8.45,32.08M,-1.16%
3/24/2022,8.60,8.45,8.60,8.45,30.80M,0.58%
3/23/2022,8.55,8.60,8.65,8.50,26.21M,-0.58%
3/22/2022,8.60,8.75,8.75,8.55,39.80M,-1.71%
3/21/2022,8.75,8.80,8.80,8.65,33.78M,0.00%
3/18/2022,8.75,8.85,8.90,8.75,31.06M,-1.69%
3/17/2022,8.90,8.85,8.90,8.75,60.02M,1.14%
3/16/2022,8.80,8.70,8.85,8.70,31.63M,1.15%
3/15/2022,8.70,8.80,8.85,8.65,24.78M,-1.14%
3/14/2022,8.80,8.65,8.80,8.60,37.10M,1.73%
3/11/2022,8.65,8.70,8.70,8.50,34.58M,-0.57%
3/10/2022,8.70,8.65,8.75,8.60,31.16M,1.16%
3/9/2022,8.60,8.45,8.60,8.40,36.43M,1.78%
3/8/2022,8.45,8.50,8.55,8.25,74.47M,-1.17%
3/7/2022,8.55,8.70,8.75,8.50,55.63M,-2.84%
3/4/2022,8.80,8.95,9.00,8.80,45.45M,-2.22%
3/3/2022,9.00,8.90,9.00,8.80,60.86M,1.12%
3/2/2022,8.90,8.85,8.90,8.75,52.02M,0.56%
3/1/2022,8.85,8.95,8.95,8.80,60.00M,-0.56%
2/28/2022,8.90,8.85,8.90,8.75,30.67M,0.56%
2/25/2022,8.85,8.75,8.90,8.75,82.58M,1.72%
2/24/2022,8.70,8.70,8.80,8.60,130.67M,-1.14%
2/23/2022,8.80,8.70,8.80,8.65,44.37M,1.15%
2/22/2022,8.70,8.70,8.75,8.60,57.69M,-1.69%
2/21/2022,8.85,8.95,8.95,8.80,73.52M,-0.56%
2/18/2022,8.90,8.70,9.05,8.65,176.07M,2.30%
2/17/2022,8.70,8.70,8.75,8.65,61.07M,0.00%
2/15/2022,8.70,8.60,8.70,8.55,31.38M,0.58%
2/14/2022,8.65,8.65,8.70,8.45,63.25M,-1.14%
2/11/2022,8.75,8.70,8.75,8.65,34.34M,0.00%
2/10/2022,8.75,8.65,8.75,8.60,57.12M,1.74%
2/9/2022,8.60,8.60,8.70,8.50,94.19M,0.00%
2/8/2022,8.60,8.55,8.60,8.45,39.46M,1.18%
2/7/2022,8.50,8.35,8.50,8.30,70.96M,1.80%
2/4/2022,8.35,8.35,8.40,8.30,21.44M,0.00%
2/3/2022,8.35,8.35,8.40,8.30,19.34M,-0.60%
2/2/2022,8.40,8.45,8.45,8.35,37.74M,0.60%
2/1/2022,8.35,8.20,8.40,8.20,40.93M,1.83%
1/31/2022,8.20,8.20,8.30,8.15,39.07M,0.00%
1/28/2022,8.20,8.05,8.25,8.05,48.25M,1.23%
1/27/2022,8.10,8.10,8.15,8.05,37.77M,-1.22%
1/26/2022,8.20,8.20,8.20,8.15,12.90M,0.61%
1/25/2022,8.15,8.10,8.20,8.05,31.80M,0.62%
1/24/2022,8.10,8.15,8.20,8.10,14.90M,-0.61%
1/21/2022,8.15,8.10,8.20,8.10,19.24M,0.62%
1/20/2022,8.10,8.15,8.20,8.10,22.66M,-0.61%
1/19/2022,8.15,8.10,8.15,8.10,10.13M,0.62%
1/18/2022,8.10,8.20,8.25,8.10,31.58M,-1.22%
1/17/2022,8.20,8.20,8.25,8.15,32.04M,-0.61%
1/14/2022,8.25,8.20,8.25,8.15,32.93M,0.00%
1/13/2022,8.25,8.30,8.35,8.20,28.18M,-1.20%
1/12/2022,8.35,8.20,8.35,8.20,47.26M,1.83%
1/11/2022,8.20,8.15,8.20,8.10,53.17M,0.00%
1/10/2022,8.20,8.30,8.35,8.20,29.98M,-1.20%
1/7/2022,8.30,8.40,8.45,8.30,34.00M,-1.19%
1/6/2022,8.40,8.50,8.55,8.35,39.71M,-1.75%
1/5/2022,8.55,8.55,8.65,8.50,24.43M,0.00%
1/4/2022,8.55,8.45,8.60,8.45,32.58M,1.18%
12/30/2021,8.45,8.45,8.50,8.40,38.40M,0.00%
12/29/2021,8.45,8.50,8.50,8.40,22.64M,-0.59%
12/28/2021,8.50,8.45,8.50,8.35,22.98M,0.59%
12/27/2021,8.45,8.40,8.45,8.35,12.39M,0.00%
12/24/2021,8.45,8.45,8.45,8.40,13.35M,0.60%
12/23/2021,8.40,8.45,8.55,8.40,56.48M,0.00%
12/22/2021,8.40,8.40,8.45,8.35,11.36M,0.00%
12/21/2021,8.40,8.40,8.45,8.35,12.07M,0.60%
12/20/2021,8.35,8.50,8.55,8.30,28.84M,-2.34%
12/17/2021,8.55,8.50,8.55,8.40,29.20M,0.59%
12/16/2021,8.50,8.50,8.55,8.40,43.75M,0.00%
12/15/2021,8.50,8.50,8.55,8.45,17.00M,-0.58%
12/14/2021,8.55,8.55,8.55,8.45,38.36M,-0.58%
12/13/2021,8.60,8.60,8.60,8.50,19.65M,0.00%
12/9/2021,8.60,8.60,8.60,8.50,23.78M,0.58%
12/8/2021,8.55,8.60,8.60,8.45,23.81M,0.00%
12/7/2021,8.55,8.40,8.55,8.35,55.92M,2.40%
12/3/2021,8.35,8.35,8.40,8.30,32.16M,0.00%
12/2/2021,8.35,8.35,8.35,8.20,37.38M,-0.60%
12/1/2021,8.40,8.45,8.45,8.15,70.67M,-0.59%
11/30/2021,8.45,8.45,8.60,8.25,211.45M,0.60%
11/29/2021,8.40,8.50,8.60,8.30,88.74M,-1.75%
11/26/2021,8.55,8.70,8.75,8.55,51.23M,-2.84%
11/25/2021,8.80,8.85,9.00,8.75,48.43M,-0.56%
11/24/2021,8.85,8.90,8.95,8.80,60.02M,-1.12%
11/23/2021,8.95,8.95,8.95,8.85,34.02M,0.56%
11/22/2021,8.90,8.85,8.90,8.80,19.19M,0.56%
11/19/2021,8.85,8.95,9.05,8.85,43.15M,-1.67%
11/18/2021,9.00,9.00,9.00,8.90,24.13M,0.00%
11/17/2021,9.00,9.05,9.10,8.95,36.87M,-0.55%
11/16/2021,9.05,9.05,9.10,9.00,45.88M,-0.55%
11/15/2021,9.10,9.15,9.15,9.05,48.24M,-0.55%
11/12/2021,9.15,9.05,9.15,9.05,55.34M,1.67%
11/11/2021,9.00,9.05,9.10,9.00,13.83M,-1.10%
11/10/2021,9.10,9.05,9.10,9.00,20.65M,0.00%
11/9/2021,9.10,8.95,9.10,8.95,30.20M,1.11%
11/8/2021,9.00,8.95,9.05,8.90,31.03M,0.56%
11/5/2021,8.95,8.95,9.00,8.90,15.39M,0.00%
11/4/2021,8.95,8.90,8.95,8.85,17.11M,0.56%
11/3/2021,8.90,9.00,9.00,8.85,19.56M,-1.11%
11/2/2021,9.00,8.95,9.00,8.90,27.15M,0.00%
11/1/2021,9.00,9.05,9.10,8.90,54.79M,0.00%
10/29/2021,9.00,8.95,9.00,8.85,27.93M,1.12%
10/28/2021,8.90,8.85,8.95,8.80,35.82M,0.56%
10/27/2021,8.85,8.80,8.85,8.75,24.77M,0.57%
10/26/2021,8.80,8.85,8.90,8.75,42.50M,-0.56%
10/25/2021,8.85,8.95,8.95,8.85,29.25M,-1.12%
10/21/2021,8.95,9.00,9.05,8.90,23.73M,-0.56%
10/20/2021,9.00,8.85,9.00,8.85,23.51M,1.12%
10/19/2021,8.90,9.05,9.05,8.85,43.06M,-1.66%
10/18/2021,9.05,9.05,9.05,8.95,33.53M,0.56%
10/15/2021,9.00,9.15,9.15,8.95,52.08M,-1.64%
10/14/2021,9.15,9.05,9.15,9.00,64.93M,0.55%
10/12/2021,9.10,9.10,9.25,9.05,88.69M,1.11%
10/11/2021,9.00,9.10,9.10,8.95,30.85M,-0.55%
10/8/2021,9.05,8.90,9.05,8.85,48.39M,1.69%
10/7/2021,8.90,8.90,8.95,8.80,31.82M,0.56%
10/6/2021,8.85,8.90,9.00,8.80,32.21M,-0.56%
10/5/2021,8.90,8.80,9.00,8.80,39.07M,1.14%
10/4/2021,8.80,8.75,8.85,8.75,24.24M,0.57%
10/1/2021,8.75,8.75,8.85,8.65,48.00M,0.00%
9/30/2021,8.75,8.85,8.85,8.70,40.06M,-1.13%
9/29/2021,8.85,8.80,9.00,8.75,39.15M,0.00%
9/28/2021,8.85,8.80,8.85,8.75,18.91M,0.57%
9/27/2021,8.80,8.95,8.95,8.80,25.33M,-1.68%
9/23/2021,8.95,9.10,9.10,8.85,52.52M,-1.65%
9/22/2021,9.10,8.90,9.10,8.90,93.42M,2.25%
9/21/2021,8.90,8.80,8.95,8.70,57.72M,0.56%
9/20/2021,8.85,8.80,8.95,8.70,66.96M,-0.56%
9/17/2021,8.90,8.95,9.00,8.75,100.71M,-1.11%
9/16/2021,9.00,8.80,9.00,8.70,93.63M,2.27%
9/15/2021,8.80,8.75,8.80,8.65,25.75M,0.00%
9/14/2021,8.80,8.85,8.85,8.70,70.13M,0.57%
9/13/2021,8.75,8.40,8.75,8.40,108.45M,4.17%
9/10/2021,8.40,8.35,8.50,8.30,44.35M,1.20%
9/9/2021,8.30,8.35,8.45,8.25,31.64M,-1.19%
9/8/2021,8.40,8.50,8.50,8.25,48.72M,-1.18%
9/7/2021,8.50,8.55,8.60,8.45,27.53M,0.00%
9/6/2021,8.50,8.55,8.60,8.45,37.11M,-0.58%
9/3/2021,8.55,8.55,8.60,8.45,17.31M,-0.58%
9/2/2021,8.60,8.45,8.60,8.45,33.04M,1.78%
9/1/2021,8.45,8.60,8.65,8.45,46.00M,-2.31%
8/31/2021,8.65,8.60,8.65,8.55,40.92M,0.00%
8/30/2021,8.65,8.60,8.70,8.50,71.10M,1.17%
8/27/2021,8.55,8.55,8.55,8.45,26.69M,0.00%
8/26/2021,8.55,8.50,8.60,8.45,38.91M,0.00%
8/25/2021,8.55,8.50,8.55,8.40,35.24M,0.00%
8/24/2021,8.55,8.60,8.60,8.45,65.46M,0.00%
8/23/2021,8.55,8.35,8.55,8.30,114.48M,4.27%
8/20/2021,8.20,8.25,8.30,8.15,57.98M,-0.61%
8/19/2021,8.25,8.20,8.25,8.10,76.16M,0.00%
8/18/2021,8.25,7.85,8.30,7.85,117.75M,5.10%
8/17/2021,7.85,7.80,7.90,7.75,28.43M,0.64%
8/16/2021,7.80,7.75,7.80,7.70,19.04M,0.65%
8/13/2021,7.75,7.75,7.85,7.65,45.07M,0.00%
8/11/2021,7.75,7.90,7.95,7.75,23.69M,-2.52%
8/10/2021,7.95,7.75,7.95,7.75,45.49M,2.58%
8/9/2021,7.75,7.70,7.85,7.70,18.21M,0.65%
8/6/2021,7.70,7.75,7.80,7.60,24.63M,-1.28%
8/5/2021,7.80,7.85,7.85,7.70,24.16M,-0.64%
8/4/2021,7.85,7.85,7.90,7.75,8.60M,0.00%
8/3/2021,7.85,7.65,7.85,7.60,29.99M,2.61%
8/2/2021,7.65,7.60,7.65,7.55,13.60M,0.00%
7/30/2021,7.65,7.70,7.80,7.60,39.18M,-1.29%
7/29/2021,7.75,7.85,7.85,7.70,34.31M,-1.27%
7/27/2021,7.85,7.85,7.95,7.75,35.49M,0.00%
7/23/2021,7.85,8.00,8.00,7.80,36.94M,-2.48%
7/22/2021,8.05,8.00,8.05,7.95,13.09M,1.26%
7/21/2021,7.95,8.00,8.00,7.85,16.13M,-0.63%
7/20/2021,8.00,7.95,8.00,7.90,18.38M,0.63%
7/19/2021,7.95,8.00,8.10,7.95,29.88M,-1.24%
7/16/2021,8.05,8.05,8.10,7.95,24.83M,0.00%
7/15/2021,8.05,8.00,8.05,7.95,15.62M,0.63%
7/14/2021,8.00,8.05,8.05,7.95,29.47M,-1.23%
7/13/2021,8.10,7.90,8.10,7.90,37.99M,3.18%
7/12/2021,7.85,7.95,8.00,7.85,23.30M,-1.26%
7/9/2021,7.95,7.80,8.05,7.75,100.18M,0.63%
7/8/2021,7.90,8.00,8.00,7.85,56.17M,-1.86%
7/7/2021,8.05,8.05,8.15,8.05,26.34M,-0.62%
7/6/2021,8.10,8.05,8.10,8.05,6.47M,0.62%
7/5/2021,8.05,8.10,8.10,8.05,24.34M,-1.23%
7/2/2021,8.15,8.15,8.20,8.05,43.96M,-0.61%
7/1/2021,8.20,8.15,8.25,8.15,15.00M,0.61%
6/30/2021,8.15,8.15,8.20,8.15,20.98M,0.00%
6/29/2021,8.15,8.15,8.25,8.15,39.42M,0.00%
6/28/2021,8.15,8.25,8.25,8.10,82.12M,-2.98%
6/25/2021,8.40,8.35,8.40,8.15,65.26M,0.60%
6/24/2021,8.35,8.30,8.45,8.20,77.46M,0.00%
6/23/2021,8.35,8.50,8.55,8.35,71.96M,-1.76%
6/22/2021,8.50,8.60,8.65,8.50,44.78M,-0.58%
6/21/2021,8.55,8.55,8.60,8.50,40.58M,-1.72%
6/18/2021,8.70,8.75,8.75,8.60,89.72M,-1.14%
6/17/2021,8.80,8.80,8.85,8.70,83.97M,0.00%
6/16/2021,8.80,8.70,8.80,8.65,161.25M,1.73%
6/15/2021,8.65,8.55,8.70,8.55,68.93M,0.58%
6/14/2021,8.60,8.65,8.65,8.50,64.95M,0.00%
6/11/2021,8.60,8.65,8.70,8.50,91.95M,0.58%
6/10/2021,8.55,8.40,8.60,8.35,199.20M,2.40%
6/9/2021,8.35,8.25,8.35,8.20,39.02M,1.83%
6/8/2021,8.20,8.25,8.30,8.10,59.98M,-0.61%
6/7/2021,8.25,8.40,8.40,8.20,42.98M,-0.60%
6/4/2021,8.30,8.15,8.30,8.10,71.86M,1.22%
6/2/2021,8.20,8.35,8.40,8.10,87.37M,-1.20%
6/1/2021,8.30,8.20,8.35,8.15,79.74M,1.22%
5/31/2021,8.20,8.15,8.20,8.05,76.15M,1.86%
5/28/2021,8.05,8.00,8.15,7.90,100.84M,1.26%
5/27/2021,7.95,7.55,7.95,7.55,127.36M,4.61%
5/25/2021,7.60,7.65,7.65,7.55,28.67M,0.00%
5/24/2021,7.60,7.60,7.65,7.55,25.62M,-0.65%
5/21/2021,7.65,7.80,7.80,7.60,46.19M,-1.29%
5/20/2021,7.75,7.60,7.85,7.50,71.40M,1.97%
5/19/2021,7.60,7.65,7.70,7.55,52.18M,-1.30%
5/18/2021,7.70,7.60,7.75,7.50,45.47M,2.67%
5/17/2021,7.50,7.50,7.55,7.40,42.63M,-0.66%
5/14/2021,7.55,7.55,7.60,7.45,47.30M,0.00%
5/13/2021,7.55,7.65,7.65,7.40,72.05M,-1.95%
5/12/2021,7.70,7.75,7.80,7.65,41.81M,-0.65%
5/11/2021,7.75,7.85,7.90,7.75,48.65M,-1.90%
5/10/2021,7.90,7.95,7.95,7.85,24.54M,0.00%
5/7/2021,7.90,7.85,7.95,7.85,33.06M,0.00%
5/6/2021,7.90,7.90,8.00,7.85,32.78M,0.64%
5/5/2021,7.85,8.00,8.05,7.80,63.18M,-1.88%
4/30/2021,8.00,8.00,8.10,7.95,33.50M,0.63%
4/29/2021,7.95,8.05,8.05,7.95,25.73M,0.00%
4/28/2021,7.95,7.95,7.95,7.85,32.96M,0.63%
4/27/2021,7.90,8.00,8.00,7.90,42.70M,-1.25%
4/26/2021,8.00,7.95,8.00,7.90,45.93M,-0.62%
4/23/2021,8.05,8.00,8.05,7.95,37.79M,0.63%
4/22/2021,8.00,8.05,8.05,8.00,13.02M,0.00%
4/21/2021,8.00,8.05,8.10,7.95,87.30M,-0.62%
4/20/2021,8.05,8.15,8.20,8.05,48.93M,-1.23%
4/19/2021,8.15,8.05,8.15,8.00,35.80M,1.87%
4/16/2021,8.00,8.00,8.05,7.95,42.23M,-0.62%
4/12/2021,8.05,8.10,8.20,8.05,32.34M,-1.83%
4/9/2021,8.20,8.15,8.25,8.15,23.00M,0.00%
4/8/2021,8.20,8.20,8.25,8.05,35.66M,0.00%
4/7/2021,8.20,8.30,8.35,8.15,86.73M,-2.96%
4/5/2021,8.45,8.60,8.65,8.40,48.58M,-1.74%
4/2/2021,8.60,8.65,8.75,8.60,49.79M,-0.58%
4/1/2021,8.65,8.70,8.75,8.65,21.84M,-1.14%
3/31/2021,8.75,8.80,8.80,8.65,29.63M,0.00%
3/30/2021,8.75,8.80,8.85,8.75,49.19M,0.00%
3/29/2021,8.75,8.65,8.80,8.60,69.31M,1.74%
3/26/2021,8.60,8.70,8.70,8.55,30.68M,-0.58%
3/25/2021,8.65,8.70,8.80,8.65,44.69M,-0.57%
3/24/2021,8.70,8.60,8.70,8.55,35.73M,0.58%
3/23/2021,8.65,8.75,8.80,8.60,56.50M,-0.57%
3/22/2021,8.70,8.50,8.75,8.40,86.89M,2.35%
3/19/2021,8.50,8.40,8.50,8.35,46.12M,0.59%
3/18/2021,8.45,8.55,8.60,8.45,36.44M,-1.17%
3/17/2021,8.55,8.60,8.65,8.50,32.01M,-1.16%
3/16/2021,8.65,8.65,8.70,8.55,40.24M,0.00%
3/15/2021,8.65,8.70,8.75,8.60,41.95M,-0.57%
3/12/2021,8.70,8.65,8.75,8.60,49.92M,-0.57%
3/11/2021,8.75,8.80,8.85,8.65,72.05M,-0.57%
3/10/2021,8.80,8.55,8.80,8.50,129.59M,4.14%
3/9/2021,8.45,8.50,8.50,8.35,41.28M,-0.59%
3/8/2021,8.50,8.55,8.65,8.40,55.09M,-0.58%
3/5/2021,8.55,8.55,8.70,8.50,86.99M,0.00%
3/4/2021,8.55,8.40,8.60,8.40,168.79M,2.40%
3/3/2021,8.35,8.00,8.35,8.00,169.82M,5.03%
3/2/2021,7.95,7.95,8.00,7.95,20.35M,0.00%
3/1/2021,7.95,7.90,8.00,7.90,22.10M,0.00%
2/25/2021,7.95,8.05,8.10,7.95,41.06M,-0.63%
2/24/2021,8.00,8.00,8.05,7.95,23.72M,0.00%
2/23/2021,8.00,7.95,8.05,7.90,27.84M,1.27%
2/22/2021,7.90,8.00,8.05,7.90,22.70M,-1.25%
2/19/2021,8.00,7.95,8.00,7.90,25.38M,0.63%
2/18/2021,7.95,8.00,8.05,7.90,56.20M,-0.63%
2/17/2021,8.00,8.05,8.05,8.00,16.50M,-0.62%
2/16/2021,8.05,8.05,8.10,8.00,29.46M,0.63%
2/15/2021,8.00,8.05,8.10,8.00,23.28M,0.00%
2/11/2021,8.00,8.10,8.15,8.00,38.66M,-0.62%
2/10/2021,8.05,8.10,8.20,8.05,29.77M,-0.62%
2/9/2021,8.10,8.05,8.20,8.05,34.63M,0.62%
2/8/2021,8.05,8.05,8.10,8.00,31.46M,0.00%
2/5/2021,8.05,8.10,8.15,8.00,56.09M,-0.62%
2/4/2021,8.10,8.15,8.15,8.10,19.81M,0.00%
2/3/2021,8.10,8.25,8.25,8.10,31.02M,-1.22%
2/2/2021,8.20,8.15,8.30,8.10,27.56M,1.23%
2/1/2021,8.10,8.15,8.20,8.10,14.54M,-0.61%
1/29/2021,8.15,8.15,8.20,8.10,21.14M,0.62%
1/28/2021,8.10,8.15,8.20,8.10,38.47M,-0.61%
1/27/2021,8.15,8.20,8.25,8.15,18.31M,-0.61%
1/26/2021,8.20,8.15,8.25,8.15,23.98M,0.61%
1/25/2021,8.15,8.25,8.30,8.15,57.64M,-1.21%
1/22/2021,8.25,8.30,8.45,8.25,56.88M,0.00%
1/21/2021,8.25,8.35,8.40,8.25,51.29M,-0.60%
1/20/2021,8.30,8.30,8.35,8.25,20.10M,0.00%
1/19/2021,8.30,8.30,8.35,8.25,25.25M,-0.60%
1/18/2021,8.35,8.25,8.35,8.20,28.99M,1.21%
1/15/2021,8.25,8.20,8.25,8.20,23.35M,0.61%
1/14/2021,8.20,8.25,8.30,8.20,48.53M,-0.61%
1/13/2021,8.25,8.30,8.35,8.20,65.66M,0.00%
1/12/2021,8.25,8.30,8.40,8.25,58.49M,-1.20%
1/11/2021,8.35,8.50,8.55,8.30,62.23M,-2.34%
1/8/2021,8.55,8.60,8.65,8.45,45.18M,0.59%
1/7/2021,8.50,8.35,8.60,8.35,72.56M,2.41%
1/6/2021,8.30,8.45,8.45,8.25,65.44M,-1.19%
1/5/2021,8.40,8.30,8.45,8.20,58.69M,0.60%
1/4/2021,8.35,8.20,8.35,8.15,38.92M,0.60%
12/30/2020,8.30,8.55,8.65,8.25,54.02M,-3.49%
12/29/2020,8.60,8.45,8.60,8.45,22.79M,1.78%
12/28/2020,8.45,8.55,8.60,8.40,24.46M,-0.59%
12/25/2020,8.50,8.65,8.65,8.50,26.02M,0.00%
12/24/2020,8.50,8.50,8.55,8.45,30.20M,0.59%
12/23/2020,8.45,8.45,8.65,8.45,42.10M,0.00%
12/22/2020,8.45,8.40,8.60,8.35,57.11M,-0.59%
12/21/2020,8.50,8.80,8.90,8.45,129.21M,-6.59%
12/18/2020,9.10,9.05,9.10,9.00,43.03M,0.55%
12/17/2020,9.05,9.10,9.15,9.00,35.16M,-0.55%
12/16/2020,9.10,9.10,9.15,9.05,28.97M,0.55%
12/15/2020,9.05,9.10,9.15,9.00,36.78M,-1.09%
12/14/2020,9.15,9.25,9.35,9.10,39.24M,-0.54%
12/9/2020,9.20,9.15,9.30,9.10,69.71M,1.66%
12/8/2020,9.05,9.00,9.15,8.95,49.92M,0.56%
12/4/2020,9.00,9.00,9.10,8.95,34.07M,0.00%
12/3/2020,9.00,9.05,9.10,8.90,65.76M,0.00%
12/2/2020,9.00,9.10,9.15,9.00,40.41M,-1.10%
12/1/2020,9.10,9.15,9.20,9.05,18.00M,-0.55%
11/30/2020,9.15,9.25,9.30,9.00,68.34M,-1.61%
11/27/2020,9.30,9.30,9.40,9.25,17.59M,-0.53%
11/26/2020,9.35,9.35,9.40,9.25,25.59M,0.54%
11/25/2020,9.30,9.40,9.45,9.15,41.52M,-0.53%
11/24/2020,9.35,9.50,9.50,9.30,42.92M,-1.06%
11/23/2020,9.45,9.30,9.50,9.25,68.57M,2.16%
11/20/2020,9.25,9.10,9.30,9.10,24.20M,1.09%
11/19/2020,9.15,9.10,9.25,9.10,20.86M,0.00%
11/18/2020,9.15,9.00,9.25,8.95,47.83M,1.10%
11/17/2020,9.05,9.25,9.25,9.05,35.47M,-2.16%
11/16/2020,9.25,9.25,9.40,9.15,58.33M,1.09%
11/13/2020,9.15,9.05,9.20,9.00,27.74M,0.00%
11/12/2020,9.15,9.20,9.20,9.00,21.67M,-0.54%
11/11/2020,9.20,9.20,9.25,9.05,37.50M,0.00%
11/10/2020,9.20,9.15,9.25,9.00,116.68M,3.95%
11/9/2020,8.85,8.75,8.90,8.70,46.29M,3.51%
11/6/2020,8.55,8.75,8.75,8.45,31.89M,-1.72%
11/5/2020,8.70,8.45,8.75,8.35,40.50M,4.19%
11/4/2020,8.35,8.40,8.45,8.30,7.10M,-0.60%
11/3/2020,8.40,8.35,8.40,8.30,16.28M,1.20%
11/2/2020,8.30,8.20,8.30,8.15,10.78M,1.22%
10/30/2020,8.20,8.20,8.25,8.05,33.08M,0.00%
10/29/2020,8.20,8.20,8.20,8.10,19.40M,0.00%
10/28/2020,8.20,8.20,8.30,8.05,31.39M,0.00%
10/27/2020,8.20,8.20,8.25,8.15,18.23M,-0.61%
10/26/2020,8.25,8.30,8.30,8.15,18.81M,-1.20%
10/22/2020,8.35,8.25,8.40,8.15,24.52M,1.83%
10/21/2020,8.20,8.20,8.35,8.10,32.20M,0.61%
10/20/2020,8.15,8.10,8.30,8.10,40.66M,0.00%
10/19/2020,8.15,8.45,8.45,7.95,71.73M,-4.12%
10/16/2020,8.50,8.50,8.55,8.45,17.87M,0.59%
10/15/2020,8.45,8.60,8.65,8.45,37.93M,-2.31%
10/14/2020,8.65,8.75,8.75,8.65,17.85M,-1.14%
10/12/2020,8.75,8.70,8.80,8.65,7.73M,0.57%
10/9/2020,8.70,8.75,8.85,8.65,17.85M,-0.57%
10/8/2020,8.75,8.70,8.90,8.65,40.83M,0.57%
10/7/2020,8.70,8.50,8.70,8.45,27.65M,2.35%
10/6/2020,8.50,8.55,8.60,8.50,30.66M,-0.58%
10/5/2020,8.55,8.55,8.60,8.50,18.27M,0.59%
10/2/2020,8.50,8.50,8.65,8.50,30.89M,0.00%
10/1/2020,8.50,8.55,8.60,8.50,15.99M,-0.58%
9/30/2020,8.55,8.70,8.75,8.50,23.86M,-1.72%
9/29/2020,8.70,8.70,8.75,8.60,10.78M,0.00%
9/28/2020,8.70,8.65,8.75,8.65,13.11M,1.16%
9/25/2020,8.60,8.75,8.85,8.55,34.13M,-2.27%
9/24/2020,8.80,8.75,8.80,8.65,25.77M,0.00%
9/23/2020,8.80,8.75,8.85,8.75,13.16M,0.57%
9/22/2020,8.75,8.85,8.90,8.75,20.98M,-1.13%
9/21/2020,8.85,8.90,9.00,8.80,18.00M,0.00%
9/18/2020,8.85,8.95,9.00,8.85,29.84M,-1.12%
9/17/2020,8.95,8.95,9.00,8.85,19.55M,0.00%
9/16/2020,8.95,9.00,9.05,8.95,10.59M,-1.10%
9/15/2020,9.05,9.00,9.05,9.00,4.64M,0.56%
9/14/2020,9.00,9.00,9.05,8.95,8.77M,0.56%
9/11/2020,8.95,9.05,9.10,8.95,19.34M,-1.65%
9/10/2020,9.10,9.05,9.10,9.00,13.07M,1.11%
9/9/2020,9.00,8.95,9.10,8.90,19.22M,0.00%
9/8/2020,9.00,9.05,9.05,8.95,29.41M,-0.55%
9/3/2020,9.05,9.10,9.10,9.00,26.05M,0.00%
9/2/2020,9.05,9.05,9.10,9.00,19.23M,0.00%
9/1/2020,9.05,9.10,9.15,9.00,28.81M,0.00%
8/31/2020,9.05,9.30,9.30,9.05,41.07M,-2.69%
8/28/2020,9.30,9.30,9.35,9.20,24.29M,0.00%
8/27/2020,9.30,9.25,9.35,9.20,21.11M,0.54%
8/26/2020,9.25,9.25,9.30,9.15,19.38M,0.00%
8/25/2020,9.25,9.30,9.30,9.20,26.60M,0.00%
8/24/2020,9.25,9.15,9.25,9.10,23.21M,1.65%
8/21/2020,9.10,9.20,9.20,9.00,30.10M,-0.55%
8/20/2020,9.15,9.00,9.15,9.00,23.97M,0.55%
8/19/2020,9.10,9.25,9.30,8.90,79.56M,-1.09%
8/18/2020,9.20,9.10,9.25,9.05,33.48M,1.66%
8/17/2020,9.05,9.20,9.25,9.00,36.43M,-1.63%
8/14/2020,9.20,9.30,9.50,9.10,105.60M,0.55%
8/13/2020,9.15,9.10,9.15,9.00,53.06M,2.23%
8/11/2020,8.95,8.75,9.00,8.70,55.29M,2.87%
8/10/2020,8.70,8.75,8.80,8.65,19.37M,-0.57%
8/7/2020,8.75,8.80,8.85,8.70,22.64M,-1.13%
8/6/2020,8.85,8.90,8.90,8.80,20.62M,-0.56%
8/5/2020,8.90,8.85,8.90,8.70,18.07M,0.56%
8/4/2020,8.85,8.80,8.95,8.75,28.50M,1.14%
8/3/2020,8.75,8.80,8.90,8.70,22.46M,-1.13%
7/31/2020,8.85,8.65,8.85,8.60,28.69M,2.31%
7/30/2020,8.65,8.95,9.00,8.55,73.15M,-3.35%
7/29/2020,8.95,8.90,9.05,8.90,26.22M,0.00%
7/24/2020,8.95,9.00,9.05,8.90,51.59M,-1.65%
7/23/2020,9.10,9.10,9.15,9.05,29.78M,0.55%
7/22/2020,9.05,9.25,9.25,9.05,22.31M,-1.63%
7/21/2020,9.20,9.15,9.25,9.10,23.27M,1.66%
7/20/2020,9.05,9.25,9.30,9.05,33.48M,-2.69%
7/17/2020,9.30,9.20,9.30,9.10,21.76M,1.64%
7/16/2020,9.15,9.15,9.30,9.10,27.02M,0.00%
7/15/2020,9.15,9.15,9.25,9.10,32.65M,0.55%
7/14/2020,9.10,9.15,9.20,9.00,60.13M,-2.15%
7/13/2020,9.30,9.50,9.50,9.25,46.90M,-1.59%
7/10/2020,9.45,9.40,9.50,9.35,33.42M,0.53%
7/9/2020,9.40,9.45,9.50,9.40,19.32M,-0.53%
7/8/2020,9.45,9.55,9.60,9.40,32.32M,-0.53%
7/7/2020,9.50,9.65,9.70,9.45,39.97M,-1.04%
7/3/2020,9.60,9.60,9.65,9.50,35.13M,0.52%
7/2/2020,9.55,9.50,9.70,9.45,56.66M,1.06%
7/1/2020,9.45,9.55,9.60,9.35,38.74M,-0.53%
6/30/2020,9.50,9.55,9.60,9.45,23.17M,0.00%
6/29/2020,9.50,9.45,9.50,9.35,29.28M,0.00%
6/26/2020,9.50,9.60,9.65,9.45,21.04M,-0.52%
6/25/2020,9.55,9.60,9.65,9.40,48.38M,-1.55%
6/24/2020,9.70,9.85,9.85,9.65,20.77M,-1.02%
6/23/2020,9.80,9.75,9.85,9.75,11.76M,0.51%
6/22/2020,9.75,9.85,9.90,9.75,23.64M,-1.52%
6/19/2020,9.90,9.85,9.95,9.80,33.15M,0.51%
6/18/2020,9.85,9.70,10.00,9.65,80.19M,1.03%
6/17/2020,9.75,9.75,9.90,9.70,44.07M,0.00%
6/16/2020,9.75,9.80,9.90,9.75,41.20M,0.52%
6/15/2020,9.70,10.00,10.00,9.65,53.68M,-3.00%
6/12/2020,10.00,9.80,10.00,9.80,40.13M,0.00%
6/11/2020,10.00,10.00,10.10,9.90,40.66M,0.00%
6/10/2020,10.00,10.10,10.10,9.90,41.94M,0.00%
6/9/2020,10.00,10.20,10.30,9.90,55.20M,-2.91%
6/8/2020,10.30,10.30,10.40,10.10,99.03M,1.98%
6/5/2020,10.10,10.00,10.10,9.95,41.36M,1.00%
6/4/2020,10.00,10.00,10.10,9.90,89.46M,0.50%
6/2/2020,9.95,9.90,9.95,9.75,55.45M,0.51%
6/1/2020,9.90,9.95,9.95,9.75,45.47M,0.51%
5/29/2020,9.85,9.75,9.85,9.70,49.10M,0.00%
5/28/2020,9.85,9.85,9.95,9.70,69.54M,0.51%
5/27/2020,9.80,9.75,9.80,9.65,43.77M,1.03%
5/26/2020,9.70,9.70,9.95,9.65,107.78M,0.00%
5/25/2020,9.70,9.55,9.70,9.50,22.96M,1.57%
5/22/2020,9.55,9.45,9.60,9.45,43.23M,0.53%
5/21/2020,9.50,9.65,9.70,9.50,55.61M,-1.55%
5/20/2020,9.65,9.80,9.85,9.60,71.27M,-1.53%
5/19/2020,9.80,9.70,9.85,9.65,73.73M,2.62%
5/18/2020,9.55,9.55,9.70,9.50,42.94M,0.53%
5/15/2020,9.50,9.50,9.65,9.50,42.35M,0.00%
5/14/2020,9.50,9.75,9.90,9.45,79.68M,-3.06%
5/13/2020,9.80,9.80,9.85,9.75,19.32M,0.00%
5/12/2020,9.80,9.70,9.90,9.70,65.44M,1.03%
5/11/2020,9.70,9.45,9.75,9.40,72.85M,3.74%
5/8/2020,9.35,9.35,9.45,9.30,40.42M,1.08%
5/7/2020,9.25,9.15,9.40,9.10,48.58M,0.54%
5/5/2020,9.20,9.25,9.35,9.20,39.21M,-2.65%
4/30/2020,9.45,9.50,9.55,9.40,44.06M,0.53%
4/29/2020,9.40,9.40,9.45,9.35,38.26M,0.53%
4/28/2020,9.35,9.15,9.40,9.10,60.78M,2.19%
4/27/2020,9.15,9.25,9.25,9.05,29.16M,0.55%
4/24/2020,9.10,9.25,9.30,9.10,34.19M,-1.62%
4/23/2020,9.25,9.20,9.30,9.15,48.20M,0.54%
4/22/2020,9.20,8.90,9.30,8.85,62.08M,1.66%
4/21/2020,9.05,9.10,9.15,9.05,51.04M,-1.63%
4/20/2020,9.20,9.05,9.30,9.00,81.41M,2.79%
4/17/2020,8.95,8.90,8.95,8.70,91.46M,5.29%
4/16/2020,8.50,8.75,8.85,8.45,87.06M,-4.49%
4/15/2020,8.90,9.25,9.30,8.90,78.98M,-4.30%
4/14/2020,9.30,9.05,9.40,8.95,130.83M,3.33%
4/13/2020,9.00,8.45,9.05,8.40,167.88M,6.51%
4/10/2020,8.45,8.20,8.45,8.20,57.61M,3.05%
4/9/2020,8.20,8.15,8.55,8.10,154.51M,1.23%
4/8/2020,8.10,8.15,8.25,7.95,88.43M,-1.82%
4/7/2020,8.25,7.85,8.45,7.70,249.79M,8.55%
4/3/2020,7.60,7.75,7.80,7.55,30.85M,-1.30%
4/2/2020,7.70,7.65,7.75,7.55,44.97M,0.65%
4/1/2020,7.65,7.70,7.75,7.55,39.99M,-1.29%
3/31/2020,7.75,7.75,7.80,7.65,55.24M,1.97%
3/30/2020,7.60,7.40,7.65,7.35,64.87M,0.66%
3/27/2020,7.55,7.85,7.85,7.40,99.29M,0.00%
3/26/2020,7.55,7.15,7.80,7.10,131.31M,4.14%
3/25/2020,7.25,6.90,7.25,6.85,82.55M,8.21%
3/24/2020,6.70,7.05,7.05,6.65,118.89M,-0.74%
3/23/2020,6.75,6.80,6.95,6.60,140.69M,-11.18%
3/20/2020,7.60,6.95,7.70,6.80,159.16M,13.43%
3/19/2020,6.70,6.50,6.70,6.40,111.48M,0.75%
3/18/2020,6.65,6.70,6.95,6.50,88.01M,2.31%
3/17/2020,6.50,6.80,7.05,6.45,170.21M,-5.80%
3/16/2020,6.90,7.10,7.70,6.85,109.18M,-10.39%
3/13/2020,7.70,6.65,8.00,6.05,224.79M,1.32%
3/12/2020,7.60,8.10,8.20,7.35,156.25M,-12.64%
3/11/2020,8.70,9.10,9.15,8.65,107.14M,-4.40%
3/10/2020,9.10,9.10,9.30,9.10,52.99M,-0.55%
3/9/2020,9.15,9.20,9.35,9.00,93.99M,-2.66%
3/6/2020,9.40,9.40,9.50,9.30,60.56M,-1.57%
3/5/2020,9.55,9.65,9.75,9.55,66.66M,0.00%
3/4/2020,9.55,9.50,9.80,9.45,59.74M,-0.52%
3/3/2020,9.60,9.40,9.65,9.40,60.26M,3.78%
3/2/2020,9.25,9.45,9.50,9.10,84.63M,0.00%
2/28/2020,9.25,9.60,9.60,9.15,108.54M,-6.57%
2/27/2020,9.90,9.85,10.00,9.75,103.10M,0.00%
2/26/2020,9.90,10.30,10.40,9.90,110.37M,-4.81%
2/25/2020,10.40,10.50,10.50,9.95,137.15M,0.00%
2/24/2020,10.40,10.60,10.70,10.30,99.46M,-3.70%
2/21/2020,10.80,10.70,10.80,10.60,45.97M,0.93%
2/20/2020,10.70,11.00,11.10,10.60,89.15M,-2.73%
2/19/2020,11.00,11.10,11.20,10.90,70.21M,0.00%
2/18/2020,11.00,10.70,11.10,10.60,131.23M,1.85%
2/17/2020,10.80,10.90,11.10,10.80,46.18M,-1.82%
2/14/2020,11.00,11.00,11.10,10.90,28.13M,0.00%
2/13/2020,11.00,11.30,11.30,10.80,92.38M,-2.65%
2/12/2020,11.30,11.20,11.40,11.10,89.42M,1.80%
2/11/2020,11.10,11.00,11.20,11.00,40.09M,0.91%
2/7/2020,11.00,10.90,11.00,10.90,8.74M,0.92%
2/6/2020,10.90,10.80,11.00,10.80,27.78M,0.00%
2/5/2020,10.90,10.80,10.90,10.60,67.04M,0.00%
2/4/2020,10.90,10.90,11.00,10.60,81.65M,0.93%
2/3/2020,10.80,11.00,11.00,10.80,27.13M,-1.82%
1/31/2020,11.00,11.00,11.10,11.00,14.69M,0.00%
1/30/2020,11.00,10.80,11.20,10.80,45.03M,1.85%
1/29/2020,10.80,10.90,11.00,10.70,59.58M,-0.92%
1/28/2020,10.90,11.00,11.10,10.90,37.59M,0.00%
1/27/2020,10.90,11.10,11.10,10.90,48.88M,-1.80%
1/24/2020,11.10,11.30,11.30,11.10,19.64M,-1.77%
1/23/2020,11.30,11.20,11.40,11.10,46.48M,0.00%
1/22/2020,11.30,11.20,11.30,11.00,52.64M,0.89%
1/21/2020,11.20,11.30,11.40,11.10,24.72M,-0.88%
1/20/2020,11.30,11.40,11.40,11.20,35.97M,-0.88%
1/17/2020,11.40,11.30,11.40,11.20,25.76M,1.79%
1/16/2020,11.20,11.20,11.40,11.20,24.14M,0.00%
1/15/2020,11.20,11.30,11.40,11.20,27.44M,-1.75%
1/14/2020,11.40,11.40,11.40,11.20,33.10M,0.88%
1/13/2020,11.30,11.20,11.40,11.10,63.08M,0.89%
